Domain Name,Links,Attorney Names
http://petersonprice.com/,http://petersonprice.com/; http://petersonprice.com/attorneys/; http://petersonprice.com/practice-areas/; http://petersonprice.com/contacting-us/,1. Matthew A. Peterson; 2. Marshal A. Scarr; 3. Amy Strider Harleman; 4. Tracy Berger
http://www.bcrslaw.com/,https://bcsslaw.com/about-our-firm/; https://bcsslaw.com/practice-areas/; https://bcsslaw.com/our-team/; https://bcsslaw.com/news/; https://bcsslaw.com/contact-bcss/,- Rebecca A. Bellow; - Peter Marcus; - Robert H. Berkes; - Taylor Matsumoto; - Christopher Bruni; - Carmen Santana; - Steven M. Crane; - Davit Shanto; - Robert G. Engel; - Lynn F. Silbiger; - Barbara S. Hodous; - James N. Sinunu; - Laurie Julien; - Viiu Spangler; - Narine Levonyan; - Steven S. Spaulding
http://www.berkeywilliams.com/,http://www.berkeywilliams.com/; http://www.berkeywilliams.com/about-berkey-williams-llp/; http://www.berkeywilliams.com/our-practice/; http://www.berkeywilliams.com/attorneys/; http://www.berkeywilliams.com/information-center/; http://www.berkeywilliams.com/news/; http://www.berkeywilliams.com/contact-us/,- Curtis Berkey; - Scott Williams; - Rovianne Leigh; - Alexandra C. Page; - Michele Fahley; - Jenna Macaulay; - Erica Costa; - Olivia Glazner; - Siena Kalina
https://gkkllp.com/,,
https://www.petersonlawgroup.com/,https://www.petersonlawgroup.com/; https://www.petersonlawgroup.com/about.html; https://www.petersonlawgroup.com/practice-areas.html; https://www.petersonlawgroup.com/case-results.html,1. John S. Peterson; 2. Christopher D. Peterson; 3. Stacy W. Thomsen
https://mrvpc.com/,,
https://www.pillsburycoleman.com/,https://www.pillsburycoleman.com/attorneys/; https://www.pillsburycoleman.com/practice-areas/; https://www.pillsburycoleman.com/about-us/; https://www.pillsburycoleman.com/client-testimonials/,- Philip L. Pillsbury Jr.; - Terrence J. Coleman; - Eric K. Larson; - Ryan H. Opgenorth; - Richard L. Grossman; - Azin Jalali; - William Foster; - Blake Williams
https://www.pineappeals.com/,https://www.pineappeals.com; https://www.pineappeals.com/our-partners; https://www.pineappeals.com/norman-pine; https://www.pineappeals.com/scott-tillett; https://www.pineappeals.com/copy-of-our-practice; https://www.pineappeals.com/supreme-court; https://www.pineappeals.com/appellate; https://www.pineappeals.com/blank; https://www.pineappeals.com/contact,1. Norman Pine; 2. Scott Tillett
https://www.pioneerlawgroup.net/,https://pioneerlawgroup.net/; https://pioneerlawgroup.net/practice-areas/business/; https://pioneerlawgroup.net/practice-areas/ceqa/; https://pioneerlawgroup.net/practice-areas/environmental-remediation/; https://pioneerlawgroup.net/practice-areas/land-use/; https://pioneerlawgroup.net/practice-areas/national-environmental-policy-act-nepa/; https://pioneerlawgroup.net/practice-areas/real-estate/; https://pioneerlawgroup.net/attorneys/joel-patrick-erb/; https://pioneerlawgroup.net/attorneys/dan-king/; https://pioneerlawgroup.net/attorneys/david-l-krotine/; https://pioneerlawgroup.net/attorneys/andrea-a-matarazzo/; https://pioneerlawgroup.net/attorneys/kathrynpatterson/; https://pioneerlawgroup.net/attorneys/christian-smit/; https://pioneerlawgroup.net/attorneys/teresa-l-zuber/; https://pioneerlawgroup.net/about-us/,- Joel Patrick Erb; - Dan King; - David L. Krotine; - Andrea A. Matarazzo; - Kathryn L. Patterson; - Blair W. Will
https://pocrass.com/,https://pocrass.com/our-attorneys/; https://pocrass.com/practice-areas/serious-personal-injuries/; https://pocrass.com/our-firm/; https://pocrass.com/testimonials/,- Jim Pocrass; - Tony De Los Reyes; - Jonathan Howell; - Michael De Vore
https://pricepelletier.com/,https://pricepelletier.com/; https://pricepelletier.com/about-us/; https://pricepelletier.com/practice-areas/; https://pricepelletier.com/our-team/; https://pricepelletier.com/2020/02/do-the-right-thing/; https://pricepelletier.com/2020/02/stephen-pelletier-partner/; https://pricepelletier.com/2020/03/samuel-s-baxter/; https://pricepelletier.com/2020/03/john-w-nielson/; https://pricepelletier.com/2020/03/judson-h-price/; https://pricepelletier.com/2023/06/denise-carrillo/; https://pricepelletier.com/2022/11/ryan-garcia/; https://pricepelletier.com/2023/07/tanner-songer/; https://pricepelletier.com/2023/08/matthew-vazin/; https://pricepelletier.com/news/; https://pricepelletier.com/contact-us/,- Virginia L. Price; - Stephen Pelletier; - Samuel S. Baxter; - John W. Nielsen; - Judson H. Price; - Denise Carrillo; - Ryan Garcia; - Tanner Songer; - Matthew Vazin
https://www.grimesandwarwick.com/,https://www.grimesandwarwick.com/; https://www.grimesandwarwick.com/attorneys/; https://www.grimesandwarwick.com/news/; https://www.grimesandwarwick.com/contact/; https://www.grimesandwarwick.com/attorneys/,"- Robert L. Grimes; - Thomas J. Warwick, Jr.; - Dana M. Grimes; - Jay Temple"
http://www.beyerscostin.com/clutchclutch,,
https://www.bicklawllp.com/,https://www.bicklawllp.com/; https://www.bicklawllp.com/who-we-are/; https://www.bicklawllp.com/our-team/; https://www.bicklawllp.com/practice-areas/,- Alan Bick; - Kimberly Bick; - Corrie Plant; - Sheila Mojtehedi; - Heather Dadashi; - Lauren Partch; - Tamara Grant
https://bholaw.com/,https://bholaw.com/; https://bholaw.com/the-firm/; https://bholaw.com/expertise/; https://bholaw.com/attorneys/; https://bholaw.com/cases-investigations/; https://bholaw.com/settlements-updates/; https://bholaw.com/contact/,1. Timothy G. Blood; 2. Leslie E. Hurst; 3. Thomas J. O’Reardon II; 4. Paula R. Brown; 5. Jennifer L. MacPherson; 6. James M. Davis
https://www.bamlawca.com/,,
https://boersch-illovsky.com/,https://illovskycalia.com/attorneys/; https://illovskycalia.com/practice/; https://illovskycalia.com/about-us/; https://illovskycalia.com/testimonials/,- Eugene Illovsky; - Kevin Calia; - Matthew Dirkes; - Sharon Frase; - Eva Schueller
https://www.srllplaw.com/,,
https://www.bogaards.law/,,
https://www.bostwickfirm.com/,http://www.hawaiipersonalinjuryfirm.com/lahaina-maui-wildfire/; http://www.hawaiipersonalinjuryfirm.com/the-firm/; http://www.hawaiipersonalinjuryfirm.com/the-firm/news-media/; http://www.hawaiipersonalinjuryfirm.com/the-firm/why-hire-us-/; http://www.hawaiipersonalinjuryfirm.com/personal-injury-blog/; http://www.hawaiipersonalinjuryfirm.com/reviews/; http://www.hawaiipersonalinjuryfirm.com/videos/; http://www.hawaiipersonalinjuryfirm.com/the-firm/frequently-asked-questions/; http://www.hawaiipersonalinjuryfirm.com/attorneys/; http://www.hawaiipersonalinjuryfirm.com/practice-areas/; http://www.hawaiipersonalinjuryfirm.com/contact-us/,- James S. Bostwick; - Erik L. Peterson; - Blake Bostwick
https://www.reddocklaw.com/,https://www.reddocklaw.com/the-firm/; https://www.reddocklaw.com/our-services/; https://www.reddocklaw.com/workplace-title-ix-investigations/; https://www.reddocklaw.com/alternative-dispute-resolution-services/; https://www.reddocklaw.com/workplace-trainings/; https://www.reddocklaw.com/expert-witness/; https://www.reddocklaw.com/our-team/; https://www.reddocklaw.com/press-room/; https://www.reddocklaw.com/resources/; https://www.reddocklaw.com/blog/; https://www.reddocklaw.com/contacts/; https://www.reddocklaw.com/privacy-policy/; https://www.reddocklaw.com/disclaimer/; https://www.reddocklaw.com/site-map/,1. Angela Reddock-Wright
https://www.brandilaw.com/,,
https://www.gurneelaw.com/,https://www.gurneelaw.com/; https://www.gurneelaw.com/our-team/; https://www.gurneelaw.com/practice-areas/,- Steven H. Gurnee; - John A. Mason; - Phillip R. Bonotto; - Nicholas P. Forestiere; - Toby M. Magarian; - Candace H. Shirley; - Tracy W. Fritch-Thym; - August A. P. Beam; - Dan Costa; - Jay L. Withee; - Jordan M. McCroskey
https://renakerhasselman.com/,,
https://www.briggslawcorp.com/,https://www.briggslawcorp.com/blog/coronavirus-legal-resources/; https://www.briggslawcorp.com/blog/what-does-a-lawyer-do/; https://www.briggslawcorp.com/blog/how-much-do-lawyers-cost/; https://www.briggslawcorp.com/blog/how-to-hire-a-lawyer/,- Cory Briggs
https://brownwegner.com/,https://brownwegner.com/; https://brownwegner.com/firm/; https://brownwegner.com/our-lawyers/; https://brownwegner.com/practice/; https://brownwegner.com/news/; https://brownwegner.com/contact/; https://brownwegner.com/disclaimers-and-terms-of-use/; https://brownwegner.com/class-action-belaire-notice-opt-in/; https://brownwegner.com/brown-wegner-llp-proud-to-sponsor-oc-women-lawyer-association-annual-gala/; https://brownwegner.com/brown-wegner-llp-welcomes-associate-lidia-sykisz/; https://breakthroughseomarketing.co,"- William J. Brown, Jr.; - Matthew K. Wegner; - Jason P. Tkaczuk; - Lidia Sykisz"
https://www.butlerviadro.com/,https://www.butlerviadro.com/attorneys/; https://www.butlerviadro.com/personal-injury/; https://www.butlerviadro.com/workers-compensation/; https://www.butlerviadro.com/for-referring-attorneys/; https://www.butlerviadro.com/faqs/; https://www.butlerviadro.com/directions/; https://www.butlerviadro.com/blog/; https://www.butlerviadro.com/contact/; https://www.butlerviadro.com/oakland-personal-injury-office/; https://lawyers.findlaw.com/profile/view/4362851_1; https://www.butlerviadro.com/disclaimer/; https://www.butlerviadro.com/site-map/; https://www.butlerviadro.com/privacy/; https://www.lawyermarketing.com/; https://www.findlaw.com/,- Christopher A. Viadro; - Alicia Villanueva; - Ethan Niedermeyer; - Rebecca Quinn
https://www.hamparyan.com/,https://www.hamparyan.com/; https://www.hamparyan.com/about/; https://www.hamparyan.com/practice-areas/; https://www.hamparyan.com/testimonials/,- Robert Hamparyan; - Aida Van Herk
https://caf-lawgroup.com/,https://caf-lawgroup.com/area/labor-and-employment/; https://caf-lawgroup.com/area/automotive/; https://caf-lawgroup.com/area/litigation/; https://caf-lawgroup.com/area/general-business/; https://caf-lawgroup.com/attorneys/; https://caf-lawgroup.com/contact-us/; https://caf-lawgroup.com/attorney/carla-j-feldman/; https://caf-lawgroup.com/attorney/lisa-loveridge/; https://caf-lawgroup.com/attorney/matthew-menzie/; https://caf-lawgroup.com/attorneys/; https://caf-lawgroup.com/contact-us/; https://caf-lawgroup.com/category/employment/; https://caf-lawgroup.com/2020/10/21/time-off-to-vote-notices/; https://caf-lawgroup.com/category/covid-19/; https://caf-lawgroup.com/category/news/; https://caf-lawgroup.com/category/uncategorized/; https://caf-lawgroup.com/category/automotive/; https://twitter.com/caf_law; https://www.linkedin.com/company/caf-law-group/,1. Carla J. Feldman; 2. Lisa L. Loveridge; 3. Matthew Menzie; 4. Donna Mo; 5. Marsha Stockard
http://steinbrecherspan.com/,https://www.steinbrecherspan.com/attorneys/; https://www.steinbrecherspan.com/practice-areas/; https://www.steinbrecherspan.com/testimonials/,1. Alan K. Steinbrecher; 2. Robert S. Span; 3. Michael K. Lindsey; 4. Valerie Casey; 5. Sophy Chen; 6. Douglas Kelley; 7. John E. Porter; 8. Craig Stein
http://www.calabrialawgroup.net/,https://www.calabrialawgroup.net/; https://www.calabrialawgroup.net/practice-areas/; https://www.calabrialawgroup.net/about-us/; https://www.calabrialawgroup.net/testimonials/,"1. Calabria Law Group, PC; 2. Pete Guttenberg"
http://www.swjllp.com/,,
http://stuartkane.com/,https://www.stuartkane.com/practice-areas/; https://www.stuartkane.com/attorneys/; https://www.stuartkane.com/about/,- Cory J. Birkhauser; - Edward J. Farrell; - Josh C. Grushkin; - Javier F. Gutierrez; - Donald J. Hamman; - R. Michael Joyce; - Robert J. Kane; - Bruce D. May; - Cole F. Morgan; - Guido I. Piotti; - Bruce C. Stuart; - Robert C. Wallace
http://spcllp.com/,https://spcllp.com/about-us/; https://spcllp.com/real-estate/; https://spcllp.com/corporate/; https://spcllp.com/digital-media/; https://spcllp.com/entertainment/; https://spcllp.com/professionals/; https://spcllp.com/contact/,- Richard Chagoury; - Connie Chilton; - Grant Cohen; - James Courtney; - Steven A. Fein; - Jordan Kauffman; - Carolyn Loffredo; - Karen Lore; - Andrew Lurie; - Michelle McClure; - Marcus Neupert; - Nader Pakfar; - Andrew Shiner; - Keith Sutton; - Kelsey Thayer; - John Wilkins
http://svelf.com/,https://svelf.com/attorneys/; https://svelf.com/services/; https://svelf.com/about-the-firm/; https://svelf.com/testimonials/,- Hassan Aburish; - Lauren E. Babst; - Jade Butman; - Steven L. Friedlander; - Barbara L. Harris Chiang; - Carl J. Kaplan
http://www.taschnerlaw.com/,/about-4; /personal-injury-lawsuits; /how-do-i-pursue-a-personal-injury-claim; /vehicle-accidents; /automobile-car-injury-accidents; /orange-county-car-accident; /los-angeles-car-accident; /riverside-county-car-accidents; /san-francisco-car-accidents; /long-beach-car-accidents; /distracted-driving-accidents; /atv-accidents; /bus-accidents; /motorcycle-accidents; /rollover-accidents; /truck-accidents-large-truck-and-big-rig-accidents; /aviation-accidents-airplane-crashes-commercial-airline-lawsuits; /boating-personal-watercraft-pwc-and-cruise-ship-accidents; /train-light-rail-metro-accidents; /dangerous-and-defective-roads; /caltrans-verdicts-and-settlements; /meso; /asbestos-related-diseases; /premises-liability-accidents; /injuries; /birth-defects; /negligent-medical-care; /head-and-traumatic-brain-injuries; /ptsd-injury; /motor-vehicle-accident-ptsd; /sexual-assault-ptsd; /military-ptsd; /burns-and-electrical-injuries; /spinal-cord-and-paralysis-injuries; /medical-devices-and-medications; /medical-device-injuries; /harmful-medications; /opioid-crisis; /medical-malpractice; /misdiagnosis; /failure-to-treat; /technology-the-law; /internet-law-technology-litigation; /copyright-law-in-the-digital-era; /trademark-law-ip-litigation; /entertainment-law-media-litigation; /new-media-disputes-litigation; /patent-law-technology-litigation; /unfair-competition-in-the-digital-age; /about-lawsuits; /tort-law; /product-liability; /negligence-3; /other-services; /recommendations; /blog; /contact-us; /docs/terms-of-use; /docs/privacy-policy; /docs/anti-spam,There are no names of people who work at the firm mentioned in the text provided.
https://hardinemploymentlaw.com/,,
http://www.tasoff.com/,/about/attorneys; /practice-areas; /recommendations,1. Richard J. Tasoff
https://cooklawfirm.la/,,
https://www.heimbergbarr.com/,,
https://hershlaw.com/,https://hershlaw.com/about-us/; https://hershlaw.com/team/; https://hershlaw.com/practice-areas/; https://hershlaw.com/success-2/; https://hershlaw.com/firm-news-2/,"1. Nancy Hersh; 2. Mark E. Burton, Jr.; 3. Charles C. Kelly II; 4. Kate Hersh-Boyle; 5. Montana Baker; 6. Josue Aparicio; 7. Nuala McNabola"
https://www.camlegal.com/,,
https://employeerightslawgroup.com/clu,,
https://carterwestlaw.com/,,
http://catespeterson.com/,http://catespeterson.com/; http://catespeterson.com/attorneys/; http://catespeterson.com/services/; http://catespeterson.com/blog/; http://catespeterson.com/resources/; http://catespeterson.com/contact-us/; http://catespeterson.com/legal-disclaimer/,- William L. Cates; - Mark D. Peterson; - Kathleen Peterson; - Amy Howse
http://www.cwmlaw.com/,https://www.cwmlaw.com; https://www.cwmlaw.com/about-us-1; https://www.cwmlaw.com; https://www.cwmlaw.com/attorneys-1,- Dennis F. Moriarty; - Sean Moriarty; - Arlen Litman-Cleper; - Maila S. Diwa-Acoba; - Jeffrey M. Woo
https://www.businesslit.com/,,
https://www.hwhmf.com/,https://www.hwhmf.com/; https://www.hwhmf.com/practice/; https://www.hwhmf.com/attorneys/howard-a-fishman/; https://www.hwhmf.com/attorneys/george-t-hayum/; https://www.hwhmf.com/attorneys/barry-l-hirsch/; https://www.hwhmf.com/attorneys/david-j-matlof/; https://www.hwhmf.com/attorneys/daniel-f-miller/; https://www.hwhmf.com/attorneys/adam-vitabile/; https://www.hwhmf.com/attorneys/matthew-wallerstein/; https://www.hwhmf.com/attorneys/robert-s-wallerstein/; https://www.hwhmf.com/contact/,- Howard A. Fishman; - George T. Hayum; - Barry L. Hirsch; - David J. Matlof; - Daniel F. Miller; - Adam Vitabile; - Matthew A. Wallerstein; - Robert S. Wallerstein
https://holmesweinberg.com/,https://holmesweinberg.com/who-we-are/; https://holmesweinberg.com/what-we-do/; https://holmesweinberg.com/about-us/; https://holmesweinberg.com/testimonials/,- Steven M. Weinberg; - Henry Holmes; - Michael Salvatore; - Michael Leventhal; - Pamela Conley Ulich; - Alexi Shakib
https://www.cwn-law.com/about-cwn,https://www.cwn-law.com; https://www.cwn-law.com/about-cwn; https://www.cwn-law.com/locations; https://www.cwn-law.com/professionals,- Bill Collier; - Joe Walsh; - Alan Nakazawa; - Barbara Holland; - Ellen McGlynn; - James Brooks; - Zachary Farley; - Victoria Doub; - Caroline Wilson; - Jensen Mauseth; - Anusha Pillay; - Kim Estes; - Jock Mawson
https://www.yocca.com/,https://yocca.com/home/; https://yocca.com/our-people/; https://yocca.com/representative-business-cases/; https://yocca.com/representative-employment-cases/; https://yocca.com/endorsements/; https://yocca.com/covid19-update/; https://yocca.com/contact-us/; https://yocca.com/privacy/; https://yocca.com/terms-of-use/; https://yocca.com/copyright-holders/,1. Mark W. Yocca; 2. Paul Kim; 3. Jared Glicksman; 4. Christine M. Yocca
http://www.ttilaw.com/,https://www.ttilaw.com/; https://www.ttilaw.com/firm-overview/; https://www.ttilaw.com/attorneys/; https://www.ttilaw.com/ourexpertise/; https://www.ttilaw.com/reviews-and-ratings/,- Serge Tomassian; - Michael S. Inouye; - Talin Grigorian; - Brenda Scheuer
http://emergent.law/,,
https://www.ecclaw.com/,,
https://www.iredalelaw.com/,,
https://www.ernestbrown.com/,https://www.ernestbrown.com/about-ernest-brown; https://www.linkedin.com/in/ernestcbrown,Ernest Brown
http://fairbankadr.com/,,
http://fbcl-visa.com/,https://fbcl-visa.com/; https://fbcl-visa.com/our-attorneys/; https://fbcl-visa.com/our-firm/; https://fbcl-visa.com/services/; https://fbcl-visa.com/contact/; https://fbcl-visa.com/disclaimer/,- Lucy Fong Lee; - Julia Day Marquez; - Elizabeth Myers
https://farbstein.com/,https://farbstein.com/; https://farbstein.com/team/; https://farbstein.com/practice/; https://farbstein.com/connect/,1. Michael A. Farbstein; 2. H. Ann Liroff; 3. Ramsey F. Kawar
http://www.farrelllawgroup.com/,https://farrelllawgroup.com/; https://farrelllawgroup.com/advice/; https://farrelllawgroup.com/training/; https://farrelllawgroup.com/investigations/; https://farrelllawgroup.com/hr-audits/; https://farrelllawgroup.com/speaking-engagements/; https://farrelllawgroup.com/about/; https://farrelllawgroup.com/practice-areas/,1. Mary E. Farrell; 2. Craig Farrell
https://www.jassyvick.com/,,
https://www.kblfirm.com/,,
https://www.kellergrover.com/,https://www.kellergrover.com/; https://www.kellergrover.com/who-we-are/; https://www.kellergrover.com/what/; https://www.kellergrover.com/what/whistleblower-actions/; https://www.kellergrover.com/what/employment-violations/; https://www.kellergrover.com/what/unlawful-business-practices/; https://www.kellergrover.com/what/cyber-fraud/; https://www.kellergrover.com/case-studies/; https://www.kellergrover.com/faqs/; https://www.kellergrover.com/videos/; https://www.kellergrover.com/news/; https://www.kellergrover.com/contact/,"- Jeffrey F. Keller; - Eric A. Grover; - Kathleen R. Scanlan; - Robert Spencer; - Sarah R. Holloway; - Elizabeth A. Acevedo; - James P. Carroll, Jr."
https://sigelmanassociates.com/,https://sigelmanassociates.com/; https://sigelmanassociates.com/practice-areas/; https://sigelmanassociates.com/attorneys/; https://sigelmanassociates.com/reviews/,1. Ken Sigelman; 2. Max Gruenberg
https://kbylaw.com/,https://kbylaw.com/about-us/practice-areas/; https://kbylaw.com/about-us/; https://kbylaw.com/about-us/diversity/; https://kbylaw.com/about-us/pro-bono-community/,1. Summer Young-Agriesti; 2. Ana Thomas; 3. Angelica Sanchez; 4. Melissa Brandman; 5. Michelle Perciavalle; 6. Alex E. Thomas
https://www.kleinberglange.com/,https://kleinberglange.com/; https://kleinberglange.com/about/; https://kleinberglange.com/candace-carlo/; https://kleinberglange.com/christine-s-cuddy/; https://kleinberglange.com/kenneth-kleinberg/; https://kleinberglange.com/marko-kuo/; https://kleinberglange.com/robert-m-lange/; https://kleinberglange.com/jill-smith/; https://kleinberglange.com/news/; https://kleinberglange.com/contact/,- Candace Carlo; - Christine S. Cuddy; - Kenneth Kleinberg; - Marko Kuo; - Robert Lange; - Jill L. Smith
http://www.wmalawfirm.com/,,
http://wkdlegal.com/,https://wkdlegal.com/; https://wkdlegal.com/professionals; https://wkdlegal.com/practice-areas; https://wkdlegal.com/about-us; https://wkdlegal.com/testimonials,The names of the people who work at the firm are:; ; 1. Lauriann Wright; 2. David Kim; 3. J. Andrew Douglas; 4. Jennifer Vane; 5. Jeff Cohen; 6. Tamra Otten; 7. Heidi Mattson; 8. Stephanie Wurzinger; 9. Christina Wurzinger; 10. Myrna Sandoval; 11. Kacie Akau; 12. Hayley Herrera; 13. Bill Kang; 14. Jaidyn Yambao; 15. Matthew Verdi; 16. Anthony Amaya-Flores; 17. Kim Kemp
http://zfclaw.com/,https://zfzlaw.com/about-us/; https://zfzlaw.com/practice/white-collar/; https://zfzlaw.com/testimonials/,- Rachel L. Fiset; - Michael Zweiback; - Jeanine Zalduendo; - Ashley Amell; - Chloë Coleman; - Hannah Friedman; - Benjamin Heller; - Jeremy Masys; - William Odom; - Dawn Utsumi
http://www.sptaxlaw.com/,https://www.sptaxlaw.com/; https://www.sptaxlaw.com/our-firm/; https://www.sptaxlaw.com/our-firm/practice-areas/; https://www.sptaxlaw.com/our-people/,1. Amy Silverstein; 2. Neil I. Pomerantz; 3. Mark E. Medina; 4. Michelle Bush; 5. Adam Hooberman; 6. Matthew R. Wong; 7. Michelle Kuenzler; 8. Karina Bustos
https://addyhart.com/,https://addyhart.com/our-attorneys/; https://addyhart.com/litigation/; https://addyhart.com/ip-law/; https://addyhart.com/corporate-law/; https://addyhart.com/about-us/; https://addyhart.com/testimonials/,"Meredith Martin Addy, Robert P. Hart, Charles A. “Chad” Pannell III, Brandon Helms, Benjamin Cappel, Gregory B. Gulliver, Caren Yusem Sterne, Paul Tauger, Craig McLaughlin, Sue Tucker"
http://melendreslaw.com/,,
https://www.boatlaw.com/,https://www.boatlaw.com/about-us/; https://www.boatlaw.com/admiralty-and-maritime-law/; https://www.boatlaw.com/testimonials/,1. Douglas R. Williams; 2. Nicholas J. Neidzwski
https://www.rivercityattorneys.com/,,
https://armondwilson.com/,https://armondwilson.com; https://armondwilson.com#about; https://armondwilson.com#team,- Michelle E. Armond; - Douglas R. Wilson; - Josepher Li; - Patrick Maloney; - Monica Arnold; - Amy Han; - Consuelo Durand; - Madelynn Po
https://www.novalaw.io/,https://www.novalaw.io; https://www.novalaw.io/copy-of-privacy-policy; https://www.novalaw.io/privacy-policy,- Nova Law
https://www.ronaldlebowesq.com/,https://ronaldlebowesq.com/; https://ronaldlebowesq.com/about-us/; https://ronaldlebowesq.com/practice-areas/; https://ronaldlebowesq.com/contact-us/,- Ronald Lebow
https://tcjohnston.com/,https://tcjohnston.com/; https://tcjohnston.com/internet-tech-law/; https://tcjohnston.com/about/,1. T.C. Johnston
https://www.portolacreek.com/,,
https://integratedgeneralcounsel.com/,https://integratedgeneralcounsel.com/about-us/; https://integratedgeneralcounsel.com/services/; https://integratedgeneralcounsel.com/what-clients-say/,- Kristen Hayes
