Title,URL
New York | Offices,https://www.seyfarth.com/locations/new-york.html
Davis Polk | Davis Polk,https://www.davispolk.com/
"Skadden, Arps, Slate, Meagher & Flom LLP",https://www.skadden.com/
New York,https://www.stinson.com/locations-new-york
Top Law Firms in New York City - 2023 Reviews,https://clutch.co/law/new-york
The Pryor Law Firm | New York City Personal Injury Lawyer,https://www.thepryorlawfirm.com/
Polsinelli Law Firm | New York Office,https://www.polsinelli.com/office-locations/new-york
New York,https://www.paulweiss.com/locations/new-york
"Davidoff Hutcher & Citron, LLP: New York Law Firm",https://dhclegal.com/
New York City Lawyers,https://www.justia.com/lawyers/new-york/new-york-city
New York,https://www.blakes.com/contact/new-york
New York,https://www.dentons.com/en/global-presence/united-states/new-york
Top Law Firms in New York City - 2023 Reviews,https://clutch.co/law/new-york
Shearman & Sterling: Global Law Firm,https://www.shearman.com/en/
New York | Offices,https://www.hklaw.com/en/offices/new-york
"Cravath, Swaine & Moore LLP: Homepage",https://www.cravath.com/
New York,https://www.clydeco.com/en/locations/north-america/new-york
"Skadden, Arps, Slate, Meagher & Flom LLP",https://www.skadden.com/
"Davidoff Hutcher & Citron, LLP: New York Law Firm",https://dhclegal.com/
Loeb & Loeb LLP,https://www.loeb.com/en
"Davidoff Hutcher & Citron, LLP: New York Law Firm",https://dhclegal.com/
The Pryor Law Firm | New York City Personal Injury Lawyer,https://www.thepryorlawfirm.com/
Top Law Firms in New York City - 2023 Reviews,https://clutch.co/law/new-york
"Greenberg Traurig, LLP",https://www.gtlaw.com/en/
New York City Lawyers,https://www.justia.com/lawyers/new-york/new-york-city
New York Law Firm | Offices,https://www.ballardspahr.com/offices/new-york
New York - Offices - Proskauer Rose LLP,https://www.proskauer.com/locations/new-york
New York,https://www.clydeco.com/en/locations/north-america/new-york
New York,https://www.mayerbrown.com/en/locations/new-york
New York | Offices,https://www.seyfarth.com/locations/new-york.html
Top Law Firms in New York City - 2023 Reviews,https://clutch.co/law/new-york
"Skadden, Arps, Slate, Meagher & Flom LLP",https://www.skadden.com/
New York,https://www.stinson.com/locations-new-york
"Davidoff Hutcher & Citron, LLP: New York Law Firm",https://dhclegal.com/
New York City Lawyers,https://www.justia.com/lawyers/new-york/new-york-city
"Greenberg Traurig, LLP",https://www.gtlaw.com/en/
New York,https://www.clydeco.com/en/locations/north-america/new-york
New York - Offices - Proskauer Rose LLP,https://www.proskauer.com/locations/new-york
New York Law Firm | Offices,https://www.ballardspahr.com/offices/new-york
New York - Offices,https://www.gibsondunn.com/office/new-york/
The Pryor Law Firm | New York City Personal Injury Lawyer,https://www.thepryorlawfirm.com/
Top Law Firms in New York City - 2023 Reviews,https://clutch.co/law/new-york
New York Law Firm | Offices,https://www.ballardspahr.com/offices/new-york
"Greenberg Traurig, LLP",https://www.gtlaw.com/en/
New York City Lawyers,https://www.justia.com/lawyers/new-york/new-york-city
New York - Offices - Proskauer Rose LLP,https://www.proskauer.com/locations/new-york
New York,https://www.clydeco.com/en/locations/north-america/new-york
New York,https://www.mayerbrown.com/en/locations/new-york
Boutique NYC law firm based in Midtown,https://wmlawny.com/
Morelli Law Firm: New York Personal Injury Law Firm,https://www.morellilaw.com/
